,freq,index,p_sg,p_sa,p_pm
0,1.0 GHz,1,-5,-23.59,-6.04E+00
1,1.0 GHz,2,-4.8,-23.38,-5.83E+00
2,1.0 GHz,3,-4.6,-23.18,-5.63E+00
3,1.0 GHz,4,-4.4,-22.99,-5.43E+00
4,1.0 GHz,5,-4.2,-22.79,-5.23E+00
5,1.0 GHz,6,-4,-22.58,-5.03E+00
6,1.0 GHz,7,-3.8,-22.39,-4.82E+00
7,1.0 GHz,8,-3.6,-22.17,-4.60E+00
8,1.0 GHz,9,-3.4,-21.96,-4.40E+00
9,1.0 GHz,10,-3.2,-21.76,-4.20E+00
10,1.0 GHz,11,-3,-21.57,-4.00E+00
11,1.0 GHz,12,-2.8,-21.37,-3.80E+00
12,1.0 GHz,13,-2.6,-21.17,-3.60E+00
13,1.0 GHz,14,-2.4,-20.97,-3.40E+00
14,1.0 GHz,15,-2.2,-20.77,-3.20E+00
15,1.0 GHz,16,-2,-20.57,-3.00E+00
16,1.0 GHz,17,-1.8,-20.37,-2.80E+00
17,1.0 GHz,18,-1.6,-20.17,-2.61E+00
18,1.0 GHz,19,-1.4,-19.98,-2.41E+00
19,1.0 GHz,20,-1.2,-19.78,-2.21E+00
20,1.0 GHz,21,-1,-19.58,-2.00E+00
21,1.0 GHz,22,-0.8,-19.38,-1.80E+00
22,1.0 GHz,23,-0.6,-19.18,-1.60E+00
23,1.0 GHz,24,-0.4,-18.98,-1.40E+00
24,1.0 GHz,25,-0.2,-18.78,-1.20E+00
25,1.0 GHz,26,2.1649348980190553e-15,-18.57,-9.92E-01
26,1.0 GHz,27,0.20000000000000218,-18.39,-8.04E-01
27,1.0 GHz,28,0.4000000000000022,-18.18,-5.98E-01
28,1.0 GHz,29,0.6000000000000022,-17.98,-3.97E-01
29,1.0 GHz,30,0.8000000000000023,-17.78,-1.96E-01
30,1.0 GHz,31,1.0000000000000022,-17.58,5.76E-03
31,1.0 GHz,32,1.2000000000000022,-17.38,2.04E-01
32,1.0 GHz,33,1.4000000000000021,-17.18,4.05E-01
33,1.0 GHz,34,1.600000000000002,-16.98,6.06E-01
34,1.0 GHz,35,1.800000000000002,-16.78,8.07E-01
35,1.0 GHz,36,2.000000000000002,-16.58,1.01E+00
36,1.0 GHz,37,2.2000000000000024,-16.38,1.21E+00
37,1.0 GHz,38,2.4000000000000026,-16.18,1.41E+00
38,1.0 GHz,39,2.6000000000000028,-15.98,1.61E+00
39,1.0 GHz,40,2.800000000000003,-15.76,1.83E+00
40,1.0 GHz,41,3.000000000000003,-15.56,2.03E+00
41,1.0 GHz,42,3.2000000000000033,-15.36,2.23E+00
42,1.0 GHz,43,3.4000000000000035,-15.16,2.43E+00
43,1.0 GHz,44,3.6000000000000036,-14.96,2.63E+00
44,1.0 GHz,45,3.800000000000004,-14.76,2.83E+00
45,1.0 GHz,46,4.0000000000000036,-14.56,3.03E+00
46,1.0 GHz,47,4.200000000000004,-14.36,3.23E+00
47,1.0 GHz,48,4.400000000000004,-14.16,3.43E+00
48,1.0 GHz,49,4.600000000000004,-13.97,3.62E+00
49,1.0 GHz,50,4.800000000000004,-13.77,3.82E+00
50,1.0 GHz,51,5.000000000000004,-13.58,4.01E+00
51,1.0 GHz,52,5.200000000000005,-13.38,4.21E+00
52,1.0 GHz,53,5.400000000000005,-13.18,4.41E+00
53,1.0 GHz,54,5.600000000000005,-12.98,4.61E+00
54,1.0 GHz,55,5.800000000000005,-12.78,4.81E+00
55,1.0 GHz,56,6.000000000000005,-12.58,5.01E+00
56,1.0 GHz,57,6.2000000000000055,-12.39,5.21E+00
57,1.0 GHz,58,6.400000000000006,-12.18,5.42E+00
58,1.0 GHz,59,6.600000000000006,-11.98,5.61E+00
59,1.0 GHz,60,6.800000000000006,-11.79,5.81E+00
60,1.0 GHz,61,7.000000000000006,-11.58,6.01E+00
61,1.0 GHz,62,7.200000000000006,-11.36,6.23E+00
62,1.0 GHz,63,7.400000000000007,-11.17,6.43E+00
63,1.0 GHz,64,7.600000000000007,-10.97,6.64E+00
64,1.0 GHz,65,7.800000000000007,-10.78,6.84E+00
65,1.0 GHz,66,8.000000000000007,-10.58,7.04E+00
66,1.0 GHz,67,8.200000000000006,-10.38,7.24E+00
67,1.0 GHz,68,8.400000000000006,-10.18,7.44E+00
68,1.0 GHz,69,8.600000000000005,-9.98,7.64E+00
69,1.0 GHz,70,8.800000000000004,-9.78,7.84E+00
70,1.0 GHz,71,9.000000000000004,-9.58,8.03E+00
71,1.0 GHz,72,9.200000000000003,-9.38,8.23E+00
72,1.0 GHz,73,9.400000000000002,-9.19,8.42E+00
73,1.0 GHz,74,9.600000000000001,-8.99,8.62E+00
74,1.0 GHz,75,9.8,-8.79,8.82E+00
75,1.0 GHz,76,10,-8.59,9.02E+00
76,1.0 GHz,77,10.2,-8.39,9.22E+00
77,1.0 GHz,78,10.399999999999999,-8.19,9.42E+00
78,1.0 GHz,79,10.599999999999998,-8,9.62E+00
79,1.0 GHz,80,10.799999999999997,-7.78,9.83E+00
80,1.0 GHz,81,10.999999999999996,-7.67,9.95E+00
81,1.0 GHz,82,11.199999999999996,-7.46,1.02E+01
82,1.0 GHz,83,11.399999999999995,-7.25,1.04E+01
83,1.0 GHz,84,11.599999999999994,-7.05,1.06E+01
84,1.0 GHz,85,11.799999999999994,-6.85,1.08E+01
85,1.0 GHz,86,11.999999999999993,-6.65,1.10E+01
86,1.0 GHz,87,12.199999999999992,-6.45,1.12E+01
87,1.0 GHz,88,12.399999999999991,-6.24,1.14E+01
88,1.0 GHz,89,12.59999999999999,-6.04,1.16E+01
89,1.0 GHz,90,12.79999999999999,-5.84,1.18E+01
90,1.0 GHz,91,12.99999999999999,-5.64,1.20E+01
91,1.0 GHz,92,13.199999999999989,-5.45,1.22E+01
92,1.0 GHz,93,13.399999999999988,-5.24,1.24E+01
93,1.0 GHz,94,13.599999999999987,-5.05,1.26E+01
94,1.0 GHz,95,13.799999999999986,-4.85,1.28E+01
95,1.0 GHz,96,13.999999999999986,-4.63,1.30E+01
96,1.0 GHz,97,14.199999999999985,-4.44,1.32E+01
97,1.0 GHz,98,14.399999999999984,-4.24,1.34E+01
98,1.0 GHz,99,14.599999999999984,-4.04,1.36E+01
99,1.0 GHz,100,14.799999999999983,-3.84,1.38E+01
100,1.0 GHz,101,14.999999999999982,-3.64,1.40E+01
0,1.1 GHz,1,-5,-23.63,-6.04E+00
1,1.1 GHz,2,-4.8,-23.43,-5.85E+00
2,1.1 GHz,3,-4.6,-23.22,-5.65E+00
3,1.1 GHz,4,-4.4,-23.04,-5.46E+00
4,1.1 GHz,5,-4.2,-22.84,-5.26E+00
5,1.1 GHz,6,-4,-22.63,-5.05E+00
6,1.1 GHz,7,-3.8,-22.43,-4.86E+00
7,1.1 GHz,8,-3.6,-22.21,-4.64E+00
8,1.1 GHz,9,-3.4,-22.02,-4.44E+00
9,1.1 GHz,10,-3.2,-21.82,-4.24E+00
10,1.1 GHz,11,-3,-21.62,-4.04E+00
11,1.1 GHz,12,-2.8,-21.42,-3.84E+00
12,1.1 GHz,13,-2.6,-21.22,-3.64E+00
13,1.1 GHz,14,-2.4,-21.02,-3.44E+00
14,1.1 GHz,15,-2.2,-20.82,-3.24E+00
15,1.1 GHz,16,-2,-20.62,-3.04E+00
16,1.1 GHz,17,-1.8,-20.42,-2.84E+00
17,1.1 GHz,18,-1.6,-20.23,-2.64E+00
18,1.1 GHz,19,-1.4,-20.03,-2.45E+00
19,1.1 GHz,20,-1.2,-19.83,-2.25E+00
20,1.1 GHz,21,-1,-19.64,-2.05E+00
21,1.1 GHz,22,-0.8,-19.44,-1.85E+00
22,1.1 GHz,23,-0.6,-19.23,-1.65E+00
23,1.1 GHz,24,-0.4,-19.03,-1.45E+00
24,1.1 GHz,25,-0.2,-18.83,-1.24E+00
25,1.1 GHz,26,2.1649348980190553e-15,-18.62,-1.03E+00
26,1.1 GHz,27,0.20000000000000218,-18.43,-8.41E-01
27,1.1 GHz,28,0.4000000000000022,-18.22,-6.35E-01
28,1.1 GHz,29,0.6000000000000022,-18.02,-4.37E-01
29,1.1 GHz,30,0.8000000000000023,-17.83,-2.36E-01
30,1.1 GHz,31,1.0000000000000022,-17.62,-3.40E-02
31,1.1 GHz,32,1.2000000000000022,-17.42,1.65E-01
32,1.1 GHz,33,1.4000000000000021,-17.23,3.67E-01
33,1.1 GHz,34,1.600000000000002,-17.03,5.67E-01
34,1.1 GHz,35,1.800000000000002,-16.83,7.68E-01
35,1.1 GHz,36,2.000000000000002,-16.63,9.70E-01
36,1.1 GHz,37,2.2000000000000024,-16.43,1.17E+00
37,1.1 GHz,38,2.4000000000000026,-16.23,1.37E+00
38,1.1 GHz,39,2.6000000000000028,-16.03,1.57E+00
39,1.1 GHz,40,2.800000000000003,-15.82,1.78E+00
40,1.1 GHz,41,3.000000000000003,-15.61,1.99E+00
41,1.1 GHz,42,3.2000000000000033,-15.41,2.19E+00
42,1.1 GHz,43,3.4000000000000035,-15.21,2.39E+00
43,1.1 GHz,44,3.6000000000000036,-15.01,2.58E+00
44,1.1 GHz,45,3.800000000000004,-14.81,2.79E+00
45,1.1 GHz,46,4.0000000000000036,-14.61,2.98E+00
46,1.1 GHz,47,4.200000000000004,-14.41,3.18E+00
47,1.1 GHz,48,4.400000000000004,-14.21,3.38E+00
48,1.1 GHz,49,4.600000000000004,-14.02,3.58E+00
49,1.1 GHz,50,4.800000000000004,-13.82,3.78E+00
50,1.1 GHz,51,5.000000000000004,-13.63,3.97E+00
51,1.1 GHz,52,5.200000000000005,-13.43,4.17E+00
52,1.1 GHz,53,5.400000000000005,-13.23,4.37E+00
53,1.1 GHz,54,5.600000000000005,-13.02,4.57E+00
54,1.1 GHz,55,5.800000000000005,-12.83,4.77E+00
55,1.1 GHz,56,6.000000000000005,-12.63,4.97E+00
56,1.1 GHz,57,6.2000000000000055,-12.43,5.17E+00
57,1.1 GHz,58,6.400000000000006,-12.22,5.38E+00
58,1.1 GHz,59,6.600000000000006,-12,5.59E+00
59,1.1 GHz,60,6.800000000000006,-11.8,5.79E+00
60,1.1 GHz,61,7.000000000000006,-11.6,5.99E+00
61,1.1 GHz,62,7.200000000000006,-11.38,6.21E+00
62,1.1 GHz,63,7.400000000000007,-11.18,6.41E+00
63,1.1 GHz,64,7.600000000000007,-10.98,6.61E+00
64,1.1 GHz,65,7.800000000000007,-10.78,6.81E+00
65,1.1 GHz,66,8.000000000000007,-10.6,7.01E+00
66,1.1 GHz,67,8.200000000000006,-10.39,7.21E+00
67,1.1 GHz,68,8.400000000000006,-10.19,7.41E+00
68,1.1 GHz,69,8.600000000000005,-10,7.61E+00
69,1.1 GHz,70,8.800000000000004,-9.8,7.81E+00
70,1.1 GHz,71,9.000000000000004,-9.6,8.01E+00
71,1.1 GHz,72,9.200000000000003,-9.39,8.21E+00
72,1.1 GHz,73,9.400000000000002,-9.2,8.39E+00
73,1.1 GHz,74,9.600000000000001,-9,8.59E+00
74,1.1 GHz,75,9.8,-8.8,8.79E+00
75,1.1 GHz,76,10,-8.6,8.99E+00
76,1.1 GHz,77,10.2,-8.43,9.19E+00
77,1.1 GHz,78,10.399999999999999,-8.2,9.39E+00
78,1.1 GHz,79,10.599999999999998,-8,9.59E+00
79,1.1 GHz,80,10.799999999999997,-7.8,9.80E+00
80,1.1 GHz,81,10.999999999999996,-7.71,9.90E+00
81,1.1 GHz,82,11.199999999999996,-7.5,1.01E+01
82,1.1 GHz,83,11.399999999999995,-7.3,1.03E+01
83,1.1 GHz,84,11.599999999999994,-7.1,1.05E+01
84,1.1 GHz,85,11.799999999999994,-6.9,1.07E+01
85,1.1 GHz,86,11.999999999999993,-6.7,1.09E+01
86,1.1 GHz,87,12.199999999999992,-6.5,1.11E+01
87,1.1 GHz,88,12.399999999999991,-6.3,1.13E+01
88,1.1 GHz,89,12.59999999999999,-6.1,1.15E+01
89,1.1 GHz,90,12.79999999999999,-5.9,1.17E+01
90,1.1 GHz,91,12.99999999999999,-5.7,1.19E+01
91,1.1 GHz,92,13.199999999999989,-5.5,1.21E+01
92,1.1 GHz,93,13.399999999999988,-5.3,1.23E+01
93,1.1 GHz,94,13.599999999999987,-5.1,1.25E+01
94,1.1 GHz,95,13.799999999999986,-4.9,1.27E+01
95,1.1 GHz,96,13.999999999999986,-4.68,1.29E+01
96,1.1 GHz,97,14.199999999999985,-4.48,1.31E+01
97,1.1 GHz,98,14.399999999999984,-4.28,1.33E+01
98,1.1 GHz,99,14.599999999999984,-4.08,1.35E+01
99,1.1 GHz,100,14.799999999999983,-3.88,1.37E+01
100,1.1 GHz,101,14.999999999999982,-3.68,1.39E+01
0,1.2 GHz,1,-5,-23.73,-6.09E+00
1,1.2 GHz,2,-4.8,-23.53,-5.90E+00
2,1.2 GHz,3,-4.6,-23.32,-5.71E+00
3,1.2 GHz,4,-4.4,-23.13,-5.51E+00
4,1.2 GHz,5,-4.2,-22.93,-5.31E+00
5,1.2 GHz,6,-4,-22.74,-5.11E+00
6,1.2 GHz,7,-3.8,-22.53,-4.91E+00
7,1.2 GHz,8,-3.6,-22.33,-4.69E+00
8,1.2 GHz,9,-3.4,-22.12,-4.49E+00
9,1.2 GHz,10,-3.2,-21.92,-4.29E+00
10,1.2 GHz,11,-3,-21.72,-4.09E+00
11,1.2 GHz,12,-2.8,-21.52,-3.89E+00
12,1.2 GHz,13,-2.6,-21.33,-3.69E+00
13,1.2 GHz,14,-2.4,-21.14,-3.49E+00
14,1.2 GHz,15,-2.2,-20.92,-3.29E+00
15,1.2 GHz,16,-2,-20.72,-3.09E+00
16,1.2 GHz,17,-1.8,-20.53,-2.89E+00
17,1.2 GHz,18,-1.6,-20.33,-2.69E+00
18,1.2 GHz,19,-1.4,-20.14,-2.50E+00
19,1.2 GHz,20,-1.2,-19.94,-2.30E+00
20,1.2 GHz,21,-1,-19.74,-2.10E+00
21,1.2 GHz,22,-0.8,-19.54,-1.90E+00
22,1.2 GHz,23,-0.6,-19.34,-1.70E+00
23,1.2 GHz,24,-0.4,-19.14,-1.50E+00
24,1.2 GHz,25,-0.2,-18.95,-1.30E+00
25,1.2 GHz,26,2.1649348980190553e-15,-18.76,-1.11E+00
26,1.2 GHz,27,0.20000000000000218,-18.55,-9.11E-01
27,1.2 GHz,28,0.4000000000000022,-18.35,-7.06E-01
28,1.2 GHz,29,0.6000000000000022,-18.15,-5.06E-01
29,1.2 GHz,30,0.8000000000000023,-17.95,-3.05E-01
30,1.2 GHz,31,1.0000000000000022,-17.91,-1.05E-01
31,1.2 GHz,32,1.2000000000000022,-17.55,9.45E-02
32,1.2 GHz,33,1.4000000000000021,-17.35,2.92E-01
33,1.2 GHz,34,1.600000000000002,-17.14,4.96E-01
34,1.2 GHz,35,1.800000000000002,-16.94,6.96E-01
35,1.2 GHz,36,2.000000000000002,-16.75,8.93E-01
36,1.2 GHz,37,2.2000000000000024,-16.54,1.09E+00
37,1.2 GHz,38,2.4000000000000026,-16.35,1.30E+00
38,1.2 GHz,39,2.6000000000000028,-16.15,1.50E+00
39,1.2 GHz,40,2.800000000000003,-15.94,1.72E+00
40,1.2 GHz,41,3.000000000000003,-15.73,1.92E+00
41,1.2 GHz,42,3.2000000000000033,-15.65,2.11E+00
42,1.2 GHz,43,3.4000000000000035,-15.34,2.31E+00
43,1.2 GHz,44,3.6000000000000036,-15.14,2.51E+00
44,1.2 GHz,45,3.800000000000004,-14.94,2.71E+00
45,1.2 GHz,46,4.0000000000000036,-14.74,2.91E+00
46,1.2 GHz,47,4.200000000000004,-14.54,3.11E+00
47,1.2 GHz,48,4.400000000000004,-14.34,3.31E+00
48,1.2 GHz,49,4.600000000000004,-14.14,3.51E+00
49,1.2 GHz,50,4.800000000000004,-13.94,3.71E+00
50,1.2 GHz,51,5.000000000000004,-13.75,3.90E+00
51,1.2 GHz,52,5.200000000000005,-13.55,4.10E+00
52,1.2 GHz,53,5.400000000000005,-13.36,4.30E+00
53,1.2 GHz,54,5.600000000000005,-13.15,4.50E+00
54,1.2 GHz,55,5.800000000000005,-12.95,4.70E+00
55,1.2 GHz,56,6.000000000000005,-12.76,4.90E+00
56,1.2 GHz,57,6.2000000000000055,-12.56,5.10E+00
57,1.2 GHz,58,6.400000000000006,-12.31,5.34E+00
58,1.2 GHz,59,6.600000000000006,-12.11,5.54E+00
59,1.2 GHz,60,6.800000000000006,-11.93,5.74E+00
60,1.2 GHz,61,7.000000000000006,-11.72,5.94E+00
61,1.2 GHz,62,7.200000000000006,-11.52,6.16E+00
62,1.2 GHz,63,7.400000000000007,-11.29,6.36E+00
63,1.2 GHz,64,7.600000000000007,-11.09,6.56E+00
64,1.2 GHz,65,7.800000000000007,-10.89,6.76E+00
65,1.2 GHz,66,8.000000000000007,-10.7,6.96E+00
66,1.2 GHz,67,8.200000000000006,-10.51,7.16E+00
67,1.2 GHz,68,8.400000000000006,-10.3,7.36E+00
68,1.2 GHz,69,8.600000000000005,-10.1,7.56E+00
69,1.2 GHz,70,8.800000000000004,-9.9,7.76E+00
70,1.2 GHz,71,9.000000000000004,-9.71,7.96E+00
71,1.2 GHz,72,9.200000000000003,-9.5,8.15E+00
72,1.2 GHz,73,9.400000000000002,-9.32,8.34E+00
73,1.2 GHz,74,9.600000000000001,-9.11,8.54E+00
74,1.2 GHz,75,9.8,-8.91,8.74E+00
75,1.2 GHz,76,10,-8.71,8.94E+00
76,1.2 GHz,77,10.2,-8.51,9.14E+00
77,1.2 GHz,78,10.399999999999999,-8.31,9.34E+00
78,1.2 GHz,79,10.599999999999998,-8.11,9.54E+00
79,1.2 GHz,80,10.799999999999997,-8.02,9.64E+00
80,1.2 GHz,81,10.999999999999996,-7.82,9.84E+00
81,1.2 GHz,82,11.199999999999996,-7.61,1.00E+01
82,1.2 GHz,83,11.399999999999995,-7.4,1.02E+01
83,1.2 GHz,84,11.599999999999994,-7.21,1.04E+01
84,1.2 GHz,85,11.799999999999994,-7.01,1.06E+01
85,1.2 GHz,86,11.999999999999993,-6.81,1.08E+01
86,1.2 GHz,87,12.199999999999992,-6.61,1.10E+01
87,1.2 GHz,88,12.399999999999991,-6.41,1.12E+01
88,1.2 GHz,89,12.59999999999999,-6.21,1.14E+01
89,1.2 GHz,90,12.79999999999999,-6,1.16E+01
90,1.2 GHz,91,12.99999999999999,-5.81,1.19E+01
91,1.2 GHz,92,13.199999999999989,-5.61,1.20E+01
92,1.2 GHz,93,13.399999999999988,-5.41,1.23E+01
93,1.2 GHz,94,13.599999999999987,-5.21,1.25E+01
94,1.2 GHz,95,13.799999999999986,-4.98,1.27E+01
95,1.2 GHz,96,13.999999999999986,-4.78,1.29E+01
96,1.2 GHz,97,14.199999999999985,-4.59,1.31E+01
97,1.2 GHz,98,14.399999999999984,-4.39,1.33E+01
98,1.2 GHz,99,14.599999999999984,-4.19,1.35E+01
99,1.2 GHz,100,14.799999999999983,-3.98,1.37E+01
100,1.2 GHz,101,14.999999999999982,-3.78,1.39E+01
0,1.3 GHz,1,-5,-23.86,-6.08E+00
1,1.3 GHz,2,-4.8,-23.66,-5.89E+00
2,1.3 GHz,3,-4.6,-23.46,-5.69E+00
3,1.3 GHz,4,-4.4,-23.26,-5.49E+00
4,1.3 GHz,5,-4.2,-23.07,-5.30E+00
5,1.3 GHz,6,-4,-22.87,-5.10E+00
6,1.3 GHz,7,-3.8,-22.66,-4.90E+00
7,1.3 GHz,8,-3.6,-22.45,-4.69E+00
8,1.3 GHz,9,-3.4,-22.25,-4.48E+00
9,1.3 GHz,10,-3.2,-22.06,-4.28E+00
10,1.3 GHz,11,-3,-21.86,-4.08E+00
11,1.3 GHz,12,-2.8,-21.66,-3.88E+00
12,1.3 GHz,13,-2.6,-21.46,-3.68E+00
13,1.3 GHz,14,-2.4,-21.26,-3.48E+00
14,1.3 GHz,15,-2.2,-21.06,-3.28E+00
15,1.3 GHz,16,-2,-20.86,-3.08E+00
16,1.3 GHz,17,-1.8,-20.66,-2.89E+00
17,1.3 GHz,18,-1.6,-20.46,-2.69E+00
18,1.3 GHz,19,-1.4,-20.27,-2.50E+00
19,1.3 GHz,20,-1.2,-20.08,-2.30E+00
20,1.3 GHz,21,-1,-19.88,-2.10E+00
21,1.3 GHz,22,-0.8,-19.67,-1.90E+00
22,1.3 GHz,23,-0.6,-19.47,-1.69E+00
23,1.3 GHz,24,-0.4,-19.27,-1.49E+00
24,1.3 GHz,25,-0.2,-19.08,-1.30E+00
25,1.3 GHz,26,2.1649348980190553e-15,-18.88,-1.10E+00
26,1.3 GHz,27,0.20000000000000218,-18.68,-8.98E-01
27,1.3 GHz,28,0.4000000000000022,-18.48,-6.94E-01
28,1.3 GHz,29,0.6000000000000022,-18.27,-4.93E-01
29,1.3 GHz,30,0.8000000000000023,-18.06,-2.91E-01
30,1.3 GHz,31,1.0000000000000022,-17.87,-9.03E-02
31,1.3 GHz,32,1.2000000000000022,-17.67,1.09E-01
32,1.3 GHz,33,1.4000000000000021,-17.47,3.08E-01
33,1.3 GHz,34,1.600000000000002,-17.27,5.10E-01
34,1.3 GHz,35,1.800000000000002,-17.07,7.10E-01
35,1.3 GHz,36,2.000000000000002,-16.88,9.06E-01
36,1.3 GHz,37,2.2000000000000024,-16.68,1.11E+00
37,1.3 GHz,38,2.4000000000000026,-16.47,1.31E+00
38,1.3 GHz,39,2.6000000000000028,-16.28,1.51E+00
39,1.3 GHz,40,2.800000000000003,-16.05,1.73E+00
40,1.3 GHz,41,3.000000000000003,-15.86,1.93E+00
41,1.3 GHz,42,3.2000000000000033,-15.66,2.13E+00
42,1.3 GHz,43,3.4000000000000035,-15.46,2.33E+00
43,1.3 GHz,44,3.6000000000000036,-15.26,2.53E+00
44,1.3 GHz,45,3.800000000000004,-15.06,2.73E+00
45,1.3 GHz,46,4.0000000000000036,-14.86,2.93E+00
46,1.3 GHz,47,4.200000000000004,-14.67,3.13E+00
47,1.3 GHz,48,4.400000000000004,-14.47,3.32E+00
48,1.3 GHz,49,4.600000000000004,-14.27,3.52E+00
49,1.3 GHz,50,4.800000000000004,-14.08,3.71E+00
50,1.3 GHz,51,5.000000000000004,-13.88,3.91E+00
51,1.3 GHz,52,5.200000000000005,-13.68,4.11E+00
52,1.3 GHz,53,5.400000000000005,-13.48,4.31E+00
53,1.3 GHz,54,5.600000000000005,-13.33,4.46E+00
54,1.3 GHz,55,5.800000000000005,-13.12,4.66E+00
55,1.3 GHz,56,6.000000000000005,-12.94,4.86E+00
56,1.3 GHz,57,6.2000000000000055,-12.73,5.06E+00
57,1.3 GHz,58,6.400000000000006,-12.54,5.26E+00
58,1.3 GHz,59,6.600000000000006,-12.34,5.46E+00
59,1.3 GHz,60,6.800000000000006,-12.14,5.66E+00
60,1.3 GHz,61,7.000000000000006,-11.94,5.86E+00
61,1.3 GHz,62,7.200000000000006,-11.72,6.08E+00
62,1.3 GHz,63,7.400000000000007,-11.52,6.28E+00
63,1.3 GHz,64,7.600000000000007,-11.32,6.48E+00
64,1.3 GHz,65,7.800000000000007,-11.12,6.68E+00
65,1.3 GHz,66,8.000000000000007,-10.92,6.88E+00
66,1.3 GHz,67,8.200000000000006,-10.72,7.08E+00
67,1.3 GHz,68,8.400000000000006,-10.52,7.28E+00
68,1.3 GHz,69,8.600000000000005,-10.32,7.48E+00
69,1.3 GHz,70,8.800000000000004,-10.11,7.68E+00
70,1.3 GHz,71,9.000000000000004,-9.92,7.88E+00
71,1.3 GHz,72,9.200000000000003,-9.73,8.08E+00
72,1.3 GHz,73,9.400000000000002,-9.53,8.26E+00
73,1.3 GHz,74,9.600000000000001,-9.33,8.46E+00
74,1.3 GHz,75,9.8,-9.13,8.66E+00
75,1.3 GHz,76,10,-8.98,8.83E+00
76,1.3 GHz,77,10.2,-8.77,9.03E+00
77,1.3 GHz,78,10.399999999999999,-8.56,9.23E+00
78,1.3 GHz,79,10.599999999999998,-8.36,9.43E+00
79,1.3 GHz,80,10.799999999999997,-8.17,9.63E+00
80,1.3 GHz,81,10.999999999999996,-7.97,9.83E+00
81,1.3 GHz,82,11.199999999999996,-7.77,1.00E+01
82,1.3 GHz,83,11.399999999999995,-7.57,1.02E+01
83,1.3 GHz,84,11.599999999999994,-7.36,1.04E+01
84,1.3 GHz,85,11.799999999999994,-7.16,1.06E+01
85,1.3 GHz,86,11.999999999999993,-6.96,1.08E+01
86,1.3 GHz,87,12.199999999999992,-6.77,1.10E+01
87,1.3 GHz,88,12.399999999999991,-6.56,1.12E+01
88,1.3 GHz,89,12.59999999999999,-6.36,1.14E+01
89,1.3 GHz,90,12.79999999999999,-6.16,1.16E+01
90,1.3 GHz,91,12.99999999999999,-5.97,1.18E+01
91,1.3 GHz,92,13.199999999999989,-5.76,1.20E+01
92,1.3 GHz,93,13.399999999999988,-5.56,1.22E+01
93,1.3 GHz,94,13.599999999999987,-5.36,1.24E+01
94,1.3 GHz,95,13.799999999999986,-5.15,1.26E+01
95,1.3 GHz,96,13.999999999999986,-4.94,1.29E+01
96,1.3 GHz,97,14.199999999999985,-4.74,1.31E+01
97,1.3 GHz,98,14.399999999999984,-4.54,1.33E+01
98,1.3 GHz,99,14.599999999999984,-4.34,1.35E+01
99,1.3 GHz,100,14.799999999999983,-4.14,1.37E+01
100,1.3 GHz,101,14.999999999999982,-3.94,1.39E+01
0,1.4 GHz,1,-5,-24.16,-6.15E+00
1,1.4 GHz,2,-4.8,-23.97,-5.96E+00
2,1.4 GHz,3,-4.6,-23.77,-5.76E+00
3,1.4 GHz,4,-4.4,-23.58,-5.56E+00
4,1.4 GHz,5,-4.2,-23.37,-5.37E+00
5,1.4 GHz,6,-4,-23.16,-5.17E+00
6,1.4 GHz,7,-3.8,-22.98,-4.96E+00
7,1.4 GHz,8,-3.6,-22.77,-4.76E+00
8,1.4 GHz,9,-3.4,-22.55,-4.54E+00
9,1.4 GHz,10,-3.2,-22.35,-4.34E+00
10,1.4 GHz,11,-3,-22.16,-4.14E+00
11,1.4 GHz,12,-2.8,-21.96,-3.94E+00
12,1.4 GHz,13,-2.6,-21.76,-3.75E+00
13,1.4 GHz,14,-2.4,-21.57,-3.55E+00
14,1.4 GHz,15,-2.2,-21.37,-3.35E+00
15,1.4 GHz,16,-2,-21.16,-3.15E+00
16,1.4 GHz,17,-1.8,-20.97,-2.95E+00
17,1.4 GHz,18,-1.6,-20.77,-2.75E+00
18,1.4 GHz,19,-1.4,-20.57,-2.55E+00
19,1.4 GHz,20,-1.2,-20.38,-2.36E+00
20,1.4 GHz,21,-1,-20.2,-2.17E+00
21,1.4 GHz,22,-0.8,-19.99,-1.97E+00
22,1.4 GHz,23,-0.6,-19.79,-1.77E+00
23,1.4 GHz,24,-0.4,-19.59,-1.57E+00
24,1.4 GHz,25,-0.2,-19.39,-1.38E+00
25,1.4 GHz,26,2.1649348980190553e-15,-19.19,-1.18E+00
26,1.4 GHz,27,0.20000000000000218,-19,-9.76E-01
27,1.4 GHz,28,0.4000000000000022,-18.79,-7.71E-01
28,1.4 GHz,29,0.6000000000000022,-18.59,-5.70E-01
29,1.4 GHz,30,0.8000000000000023,-18.39,-3.69E-01
30,1.4 GHz,31,1.0000000000000022,-18.18,-1.68E-01
31,1.4 GHz,32,1.2000000000000022,-17.99,3.05E-02
32,1.4 GHz,33,1.4000000000000021,-17.79,2.29E-01
33,1.4 GHz,34,1.600000000000002,-17.59,4.32E-01
34,1.4 GHz,35,1.800000000000002,-17.38,6.32E-01
35,1.4 GHz,36,2.000000000000002,-17.19,8.32E-01
36,1.4 GHz,37,2.2000000000000024,-16.99,1.03E+00
37,1.4 GHz,38,2.4000000000000026,-16.78,1.23E+00
38,1.4 GHz,39,2.6000000000000028,-16.59,1.43E+00
39,1.4 GHz,40,2.800000000000003,-16.37,1.65E+00
40,1.4 GHz,41,3.000000000000003,-16.17,1.85E+00
41,1.4 GHz,42,3.2000000000000033,-15.98,2.05E+00
42,1.4 GHz,43,3.4000000000000035,-15.78,2.25E+00
43,1.4 GHz,44,3.6000000000000036,-15.58,2.45E+00
44,1.4 GHz,45,3.800000000000004,-15.38,2.65E+00
45,1.4 GHz,46,4.0000000000000036,-15.18,2.85E+00
46,1.4 GHz,47,4.200000000000004,-14.99,3.05E+00
47,1.4 GHz,48,4.400000000000004,-14.78,3.25E+00
48,1.4 GHz,49,4.600000000000004,-14.59,3.44E+00
49,1.4 GHz,50,4.800000000000004,-14.39,3.64E+00
50,1.4 GHz,51,5.000000000000004,-14.25,3.83E+00
51,1.4 GHz,52,5.200000000000005,-13.99,4.04E+00
52,1.4 GHz,53,5.400000000000005,-13.79,4.24E+00
53,1.4 GHz,54,5.600000000000005,-13.59,4.44E+00
54,1.4 GHz,55,5.800000000000005,-13.4,4.64E+00
55,1.4 GHz,56,6.000000000000005,-13.19,4.84E+00
56,1.4 GHz,57,6.2000000000000055,-13,5.04E+00
57,1.4 GHz,58,6.400000000000006,-12.79,5.24E+00
58,1.4 GHz,59,6.600000000000006,-12.59,5.44E+00
59,1.4 GHz,60,6.800000000000006,-12.4,5.64E+00
60,1.4 GHz,61,7.000000000000006,-12.19,5.84E+00
61,1.4 GHz,62,7.200000000000006,-11.98,6.06E+00
62,1.4 GHz,63,7.400000000000007,-11.77,6.26E+00
63,1.4 GHz,64,7.600000000000007,-11.57,6.46E+00
64,1.4 GHz,65,7.800000000000007,-11.37,6.66E+00
65,1.4 GHz,66,8.000000000000007,-11.18,6.86E+00
66,1.4 GHz,67,8.200000000000006,-11.07,7.06E+00
67,1.4 GHz,68,8.400000000000006,-10.85,7.26E+00
68,1.4 GHz,69,8.600000000000005,-10.58,7.45E+00
69,1.4 GHz,70,8.800000000000004,-10.38,7.66E+00
70,1.4 GHz,71,9.000000000000004,-10.18,7.85E+00
71,1.4 GHz,72,9.200000000000003,-9.98,8.05E+00
72,1.4 GHz,73,9.400000000000002,-9.8,8.24E+00
73,1.4 GHz,74,9.600000000000001,-9.65,8.39E+00
74,1.4 GHz,75,9.8,-9.44,8.59E+00
75,1.4 GHz,76,10,-9.24,8.79E+00
76,1.4 GHz,77,10.2,-9.04,8.99E+00
77,1.4 GHz,78,10.399999999999999,-8.84,9.19E+00
78,1.4 GHz,79,10.599999999999998,-8.65,9.39E+00
79,1.4 GHz,80,10.799999999999997,-8.44,9.59E+00
80,1.4 GHz,81,10.999999999999996,-8.24,9.79E+00
81,1.4 GHz,82,11.199999999999996,-8.04,9.99E+00
82,1.4 GHz,83,11.399999999999995,-7.84,1.02E+01
83,1.4 GHz,84,11.599999999999994,-7.64,1.04E+01
84,1.4 GHz,85,11.799999999999994,-7.44,1.06E+01
85,1.4 GHz,86,11.999999999999993,-7.24,1.08E+01
86,1.4 GHz,87,12.199999999999992,-7.04,1.10E+01
87,1.4 GHz,88,12.399999999999991,-6.84,1.12E+01
88,1.4 GHz,89,12.59999999999999,-6.65,1.14E+01
89,1.4 GHz,90,12.79999999999999,-6.44,1.16E+01
90,1.4 GHz,91,12.99999999999999,-6.25,1.18E+01
91,1.4 GHz,92,13.199999999999989,-6.04,1.20E+01
92,1.4 GHz,93,13.399999999999988,-5.84,1.22E+01
93,1.4 GHz,94,13.599999999999987,-5.63,1.24E+01
94,1.4 GHz,95,13.799999999999986,-5.42,1.26E+01
95,1.4 GHz,96,13.999999999999986,-5.22,1.28E+01
96,1.4 GHz,97,14.199999999999985,-5.02,1.30E+01
97,1.4 GHz,98,14.399999999999984,-4.82,1.32E+01
98,1.4 GHz,99,14.599999999999984,-4.62,1.34E+01
99,1.4 GHz,100,14.799999999999983,-4.42,1.36E+01
100,1.4 GHz,101,14.999999999999982,-4.22,1.38E+01
0,1.5 GHz,1,-5,-24.26,-6.19E+00
1,1.5 GHz,2,-4.8,-24.06,-6.00E+00
2,1.5 GHz,3,-4.6,-23.86,-5.80E+00
3,1.5 GHz,4,-4.4,-23.66,-5.60E+00
4,1.5 GHz,5,-4.2,-23.47,-5.41E+00
5,1.5 GHz,6,-4,-23.27,-5.20E+00
6,1.5 GHz,7,-3.8,-23.06,-5.00E+00
7,1.5 GHz,8,-3.6,-22.87,-4.80E+00
8,1.5 GHz,9,-3.4,-22.64,-4.58E+00
9,1.5 GHz,10,-3.2,-22.44,-4.38E+00
10,1.5 GHz,11,-3,-22.25,-4.19E+00
11,1.5 GHz,12,-2.8,-22.06,-3.99E+00
12,1.5 GHz,13,-2.6,-21.86,-3.79E+00
13,1.5 GHz,14,-2.4,-21.66,-3.59E+00
14,1.5 GHz,15,-2.2,-21.46,-3.39E+00
15,1.5 GHz,16,-2,-21.26,-3.19E+00
16,1.5 GHz,17,-1.8,-21.06,-2.99E+00
17,1.5 GHz,18,-1.6,-20.86,-2.79E+00
18,1.5 GHz,19,-1.4,-20.68,-2.61E+00
19,1.5 GHz,20,-1.2,-20.48,-2.41E+00
20,1.5 GHz,21,-1,-20.28,-2.21E+00
21,1.5 GHz,22,-0.8,-20.08,-2.01E+00
22,1.5 GHz,23,-0.6,-19.88,-1.81E+00
23,1.5 GHz,24,-0.4,-19.68,-1.61E+00
24,1.5 GHz,25,-0.2,-19.48,-1.41E+00
25,1.5 GHz,26,2.1649348980190553e-15,-19.28,-1.21E+00
26,1.5 GHz,27,0.20000000000000218,-19.09,-1.01E+00
27,1.5 GHz,28,0.4000000000000022,-18.88,-8.06E-01
28,1.5 GHz,29,0.6000000000000022,-18.68,-6.05E-01
29,1.5 GHz,30,0.8000000000000023,-18.48,-4.04E-01
30,1.5 GHz,31,1.0000000000000022,-18.28,-2.04E-01
31,1.5 GHz,32,1.2000000000000022,-18.08,-3.19E-03
32,1.5 GHz,33,1.4000000000000021,-17.88,1.95E-01
33,1.5 GHz,34,1.600000000000002,-17.68,3.96E-01
34,1.5 GHz,35,1.800000000000002,-17.48,5.97E-01
35,1.5 GHz,36,2.000000000000002,-17.28,7.94E-01
36,1.5 GHz,37,2.2000000000000024,-17.08,9.94E-01
37,1.5 GHz,38,2.4000000000000026,-16.88,1.20E+00
38,1.5 GHz,39,2.6000000000000028,-16.68,1.40E+00
39,1.5 GHz,40,2.800000000000003,-16.46,1.62E+00
40,1.5 GHz,41,3.000000000000003,-16.26,1.82E+00
41,1.5 GHz,42,3.2000000000000033,-16.07,2.01E+00
42,1.5 GHz,43,3.4000000000000035,-15.87,2.21E+00
43,1.5 GHz,44,3.6000000000000036,-15.67,2.41E+00
44,1.5 GHz,45,3.800000000000004,-15.47,2.61E+00
45,1.5 GHz,46,4.0000000000000036,-15.28,2.81E+00
46,1.5 GHz,47,4.200000000000004,-15.08,3.01E+00
47,1.5 GHz,48,4.400000000000004,-14.87,3.21E+00
48,1.5 GHz,49,4.600000000000004,-14.67,3.41E+00
49,1.5 GHz,50,4.800000000000004,-14.48,3.60E+00
50,1.5 GHz,51,5.000000000000004,-14.28,3.80E+00
51,1.5 GHz,52,5.200000000000005,-14.08,4.00E+00
52,1.5 GHz,53,5.400000000000005,-13.88,4.20E+00
53,1.5 GHz,54,5.600000000000005,-13.68,4.40E+00
54,1.5 GHz,55,5.800000000000005,-13.48,4.60E+00
55,1.5 GHz,56,6.000000000000005,-13.28,4.80E+00
56,1.5 GHz,57,6.2000000000000055,-13.08,5.00E+00
57,1.5 GHz,58,6.400000000000006,-12.88,5.20E+00
58,1.5 GHz,59,6.600000000000006,-12.69,5.40E+00
59,1.5 GHz,60,6.800000000000006,-12.49,5.60E+00
60,1.5 GHz,61,7.000000000000006,-12.29,5.80E+00
61,1.5 GHz,62,7.200000000000006,-12.07,6.02E+00
62,1.5 GHz,63,7.400000000000007,-11.87,6.22E+00
63,1.5 GHz,64,7.600000000000007,-11.67,6.42E+00
64,1.5 GHz,65,7.800000000000007,-11.48,6.62E+00
65,1.5 GHz,66,8.000000000000007,-11.28,6.82E+00
66,1.5 GHz,67,8.200000000000006,-11.08,7.02E+00
67,1.5 GHz,68,8.400000000000006,-10.88,7.21E+00
68,1.5 GHz,69,8.600000000000005,-10.68,7.41E+00
69,1.5 GHz,70,8.800000000000004,-10.48,7.61E+00
70,1.5 GHz,71,9.000000000000004,-10.28,7.81E+00
71,1.5 GHz,72,9.200000000000003,-10.08,8.01E+00
72,1.5 GHz,73,9.400000000000002,-9.94,8.16E+00
73,1.5 GHz,74,9.600000000000001,-9.73,8.36E+00
74,1.5 GHz,75,9.8,-9.53,8.56E+00
75,1.5 GHz,76,10,-9.32,8.77E+00
76,1.5 GHz,77,10.2,-9.12,8.97E+00
77,1.5 GHz,78,10.399999999999999,-8.93,9.16E+00
78,1.5 GHz,79,10.599999999999998,-8.72,9.36E+00
79,1.5 GHz,80,10.799999999999997,-8.52,9.56E+00
80,1.5 GHz,81,10.999999999999996,-8.32,9.77E+00
81,1.5 GHz,82,11.199999999999996,-8.12,9.97E+00
82,1.5 GHz,83,11.399999999999995,-7.92,1.02E+01
83,1.5 GHz,84,11.599999999999994,-7.72,1.04E+01
84,1.5 GHz,85,11.799999999999994,-7.52,1.06E+01
85,1.5 GHz,86,11.999999999999993,-7.32,1.08E+01
86,1.5 GHz,87,12.199999999999992,-7.12,1.10E+01
87,1.5 GHz,88,12.399999999999991,-6.92,1.12E+01
88,1.5 GHz,89,12.59999999999999,-6.72,1.14E+01
89,1.5 GHz,90,12.79999999999999,-6.52,1.16E+01
90,1.5 GHz,91,12.99999999999999,-6.32,1.18E+01
91,1.5 GHz,92,13.199999999999989,-6.12,1.20E+01
92,1.5 GHz,93,13.399999999999988,-5.9,1.22E+01
93,1.5 GHz,94,13.599999999999987,-5.7,1.24E+01
94,1.5 GHz,95,13.799999999999986,-5.5,1.26E+01
95,1.5 GHz,96,13.999999999999986,-5.3,1.28E+01
96,1.5 GHz,97,14.199999999999985,-5.11,1.30E+01
97,1.5 GHz,98,14.399999999999984,-4.91,1.32E+01
98,1.5 GHz,99,14.599999999999984,-4.71,1.34E+01
99,1.5 GHz,100,14.799999999999983,-4.51,1.36E+01
100,1.5 GHz,101,14.999999999999982,-4.31,1.38E+01
0,1.6 GHz,1,-5,-24.09,-6.22E+00
1,1.6 GHz,2,-4.8,-23.9,-6.03E+00
2,1.6 GHz,3,-4.6,-23.7,-5.83E+00
3,1.6 GHz,4,-4.4,-23.5,-5.63E+00
4,1.6 GHz,5,-4.2,-23.3,-5.43E+00
5,1.6 GHz,6,-4,-23.1,-5.23E+00
6,1.6 GHz,7,-3.8,-22.9,-5.03E+00
7,1.6 GHz,8,-3.6,-22.7,-4.83E+00
8,1.6 GHz,9,-3.4,-22.48,-4.61E+00
9,1.6 GHz,10,-3.2,-22.28,-4.41E+00
10,1.6 GHz,11,-3,-22.09,-4.21E+00
11,1.6 GHz,12,-2.8,-21.88,-4.02E+00
12,1.6 GHz,13,-2.6,-21.7,-3.82E+00
13,1.6 GHz,14,-2.4,-21.49,-3.62E+00
14,1.6 GHz,15,-2.2,-21.3,-3.42E+00
15,1.6 GHz,16,-2,-21.1,-3.22E+00
16,1.6 GHz,17,-1.8,-20.9,-3.02E+00
17,1.6 GHz,18,-1.6,-20.7,-2.82E+00
18,1.6 GHz,19,-1.4,-20.51,-2.63E+00
19,1.6 GHz,20,-1.2,-20.31,-2.43E+00
20,1.6 GHz,21,-1,-20.1,-2.23E+00
21,1.6 GHz,22,-0.8,-19.91,-2.03E+00
22,1.6 GHz,23,-0.6,-19.71,-1.83E+00
23,1.6 GHz,24,-0.4,-19.5,-1.63E+00
24,1.6 GHz,25,-0.2,-19.3,-1.43E+00
25,1.6 GHz,26,2.1649348980190553e-15,-19.11,-1.23E+00
26,1.6 GHz,27,0.20000000000000218,-18.9,-1.03E+00
27,1.6 GHz,28,0.4000000000000022,-18.7,-8.21E-01
28,1.6 GHz,29,0.6000000000000022,-18.5,-6.19E-01
29,1.6 GHz,30,0.8000000000000023,-18.3,-4.19E-01
30,1.6 GHz,31,1.0000000000000022,-18.1,-2.19E-01
31,1.6 GHz,32,1.2000000000000022,-17.9,-2.03E-02
32,1.6 GHz,33,1.4000000000000021,-17.71,1.78E-01
33,1.6 GHz,34,1.600000000000002,-17.5,3.82E-01
34,1.6 GHz,35,1.800000000000002,-17.3,5.81E-01
35,1.6 GHz,36,2.000000000000002,-17.1,7.79E-01
36,1.6 GHz,37,2.2000000000000024,-16.9,9.79E-01
37,1.6 GHz,38,2.4000000000000026,-16.7,1.18E+00
38,1.6 GHz,39,2.6000000000000028,-16.5,1.38E+00
39,1.6 GHz,40,2.800000000000003,-16.28,1.60E+00
40,1.6 GHz,41,3.000000000000003,-16.08,1.80E+00
41,1.6 GHz,42,3.2000000000000033,-15.88,2.00E+00
42,1.6 GHz,43,3.4000000000000035,-15.68,2.20E+00
43,1.6 GHz,44,3.6000000000000036,-15.49,2.40E+00
44,1.6 GHz,45,3.800000000000004,-15.28,2.60E+00
45,1.6 GHz,46,4.0000000000000036,-15.09,2.80E+00
46,1.6 GHz,47,4.200000000000004,-14.88,2.99E+00
47,1.6 GHz,48,4.400000000000004,-14.69,3.19E+00
48,1.6 GHz,49,4.600000000000004,-14.49,3.39E+00
49,1.6 GHz,50,4.800000000000004,-14.3,3.58E+00
50,1.6 GHz,51,5.000000000000004,-14.1,3.78E+00
51,1.6 GHz,52,5.200000000000005,-13.9,3.98E+00
52,1.6 GHz,53,5.400000000000005,-13.7,4.18E+00
53,1.6 GHz,54,5.600000000000005,-13.5,4.38E+00
54,1.6 GHz,55,5.800000000000005,-13.3,4.58E+00
55,1.6 GHz,56,6.000000000000005,-13.14,4.74E+00
56,1.6 GHz,57,6.2000000000000055,-12.94,4.94E+00
57,1.6 GHz,58,6.400000000000006,-12.74,5.14E+00
58,1.6 GHz,59,6.600000000000006,-12.54,5.34E+00
59,1.6 GHz,60,6.800000000000006,-12.34,5.54E+00
60,1.6 GHz,61,7.000000000000006,-12.14,5.74E+00
61,1.6 GHz,62,7.200000000000006,-11.92,5.97E+00
62,1.6 GHz,63,7.400000000000007,-11.72,6.16E+00
63,1.6 GHz,64,7.600000000000007,-11.52,6.36E+00
64,1.6 GHz,65,7.800000000000007,-11.32,6.56E+00
65,1.6 GHz,66,8.000000000000007,-11.12,6.76E+00
66,1.6 GHz,67,8.200000000000006,-10.92,6.96E+00
67,1.6 GHz,68,8.400000000000006,-10.73,7.16E+00
68,1.6 GHz,69,8.600000000000005,-10.53,7.36E+00
69,1.6 GHz,70,8.800000000000004,-10.33,7.56E+00
70,1.6 GHz,71,9.000000000000004,-10.13,7.75E+00
71,1.6 GHz,72,9.200000000000003,-9.93,7.95E+00
72,1.6 GHz,73,9.400000000000002,-9.74,8.14E+00
73,1.6 GHz,74,9.600000000000001,-9.54,8.34E+00
74,1.6 GHz,75,9.8,-9.35,8.54E+00
75,1.6 GHz,76,10,-9.14,8.74E+00
76,1.6 GHz,77,10.2,-8.94,8.94E+00
77,1.6 GHz,78,10.399999999999999,-8.78,9.11E+00
78,1.6 GHz,79,10.599999999999998,-8.57,9.31E+00
79,1.6 GHz,80,10.799999999999997,-8.37,9.51E+00
80,1.6 GHz,81,10.999999999999996,-8.17,9.72E+00
81,1.6 GHz,82,11.199999999999996,-7.97,9.91E+00
82,1.6 GHz,83,11.399999999999995,-7.77,1.01E+01
83,1.6 GHz,84,11.599999999999994,-7.58,1.03E+01
84,1.6 GHz,85,11.799999999999994,-7.37,1.05E+01
85,1.6 GHz,86,11.999999999999993,-7.18,1.07E+01
86,1.6 GHz,87,12.199999999999992,-6.98,1.09E+01
87,1.6 GHz,88,12.399999999999991,-6.78,1.11E+01
88,1.6 GHz,89,12.59999999999999,-6.58,1.13E+01
89,1.6 GHz,90,12.79999999999999,-6.38,1.15E+01
90,1.6 GHz,91,12.99999999999999,-6.18,1.17E+01
91,1.6 GHz,92,13.199999999999989,-5.98,1.19E+01
92,1.6 GHz,93,13.399999999999988,-5.76,1.21E+01
93,1.6 GHz,94,13.599999999999987,-5.56,1.23E+01
94,1.6 GHz,95,13.799999999999986,-5.36,1.25E+01
95,1.6 GHz,96,13.999999999999986,-5.16,1.27E+01
96,1.6 GHz,97,14.199999999999985,-4.96,1.29E+01
97,1.6 GHz,98,14.399999999999984,-4.76,1.31E+01
98,1.6 GHz,99,14.599999999999984,-4.56,1.33E+01
99,1.6 GHz,100,14.799999999999983,-4.36,1.35E+01
100,1.6 GHz,101,14.999999999999982,-4.16,1.37E+01
0,1.7000000000000002 GHz,1,-5,-23.9,-6.27E+00
1,1.7000000000000002 GHz,2,-4.8,-23.7,-6.08E+00
2,1.7000000000000002 GHz,3,-4.6,-23.5,-5.88E+00
3,1.7000000000000002 GHz,4,-4.4,-23.3,-5.68E+00
4,1.7000000000000002 GHz,5,-4.2,-23.1,-5.48E+00
5,1.7000000000000002 GHz,6,-4,-22.9,-5.29E+00
6,1.7000000000000002 GHz,7,-3.8,-22.7,-5.09E+00
7,1.7000000000000002 GHz,8,-3.6,-22.5,-4.89E+00
8,1.7000000000000002 GHz,9,-3.4,-22.28,-4.66E+00
9,1.7000000000000002 GHz,10,-3.2,-22.08,-4.47E+00
10,1.7000000000000002 GHz,11,-3,-21.89,-4.26E+00
11,1.7000000000000002 GHz,12,-2.8,-21.69,-4.07E+00
12,1.7000000000000002 GHz,13,-2.6,-21.5,-3.87E+00
13,1.7000000000000002 GHz,14,-2.4,-23.45,-3.67E+00
14,1.7000000000000002 GHz,15,-2.2,-21.09,-3.47E+00
15,1.7000000000000002 GHz,16,-2,-20.89,-3.27E+00
16,1.7000000000000002 GHz,17,-1.8,-20.7,-3.07E+00
17,1.7000000000000002 GHz,18,-1.6,-20.5,-2.87E+00
18,1.7000000000000002 GHz,19,-1.4,-20.3,-2.67E+00
19,1.7000000000000002 GHz,20,-1.2,-20.11,-2.48E+00
20,1.7000000000000002 GHz,21,-1,-19.91,-2.28E+00
21,1.7000000000000002 GHz,22,-0.8,-19.71,-2.08E+00
22,1.7000000000000002 GHz,23,-0.6,-19.51,-1.88E+00
23,1.7000000000000002 GHz,24,-0.4,-19.32,-1.69E+00
24,1.7000000000000002 GHz,25,-0.2,-19.12,-1.49E+00
25,1.7000000000000002 GHz,26,2.1649348980190553e-15,-18.92,-1.29E+00
26,1.7000000000000002 GHz,27,0.20000000000000218,-18.72,-1.09E+00
27,1.7000000000000002 GHz,28,0.4000000000000022,-18.52,-8.87E-01
28,1.7000000000000002 GHz,29,0.6000000000000022,-18.32,-6.86E-01
29,1.7000000000000002 GHz,30,0.8000000000000023,-18.11,-4.86E-01
30,1.7000000000000002 GHz,31,1.0000000000000022,-17.92,-2.88E-01
31,1.7000000000000002 GHz,32,1.2000000000000022,-17.72,-8.67E-02
32,1.7000000000000002 GHz,33,1.4000000000000021,-17.52,1.13E-01
33,1.7000000000000002 GHz,34,1.600000000000002,-17.31,3.14E-01
34,1.7000000000000002 GHz,35,1.800000000000002,-17.12,5.15E-01
35,1.7000000000000002 GHz,36,2.000000000000002,-16.92,7.12E-01
36,1.7000000000000002 GHz,37,2.2000000000000024,-16.72,9.13E-01
37,1.7000000000000002 GHz,38,2.4000000000000026,-16.52,1.11E+00
38,1.7000000000000002 GHz,39,2.6000000000000028,-16.3,1.33E+00
39,1.7000000000000002 GHz,40,2.800000000000003,-16.1,1.53E+00
40,1.7000000000000002 GHz,41,3.000000000000003,-15.9,1.73E+00
41,1.7000000000000002 GHz,42,3.2000000000000033,-15.7,1.93E+00
42,1.7000000000000002 GHz,43,3.4000000000000035,-15.51,2.13E+00
43,1.7000000000000002 GHz,44,3.6000000000000036,-15.31,2.33E+00
44,1.7000000000000002 GHz,45,3.800000000000004,-15.11,2.53E+00
45,1.7000000000000002 GHz,46,4.0000000000000036,-14.91,2.73E+00
46,1.7000000000000002 GHz,47,4.200000000000004,-14.71,2.93E+00
47,1.7000000000000002 GHz,48,4.400000000000004,-14.51,3.13E+00
48,1.7000000000000002 GHz,49,4.600000000000004,-14.31,3.33E+00
49,1.7000000000000002 GHz,50,4.800000000000004,-14.12,3.52E+00
50,1.7000000000000002 GHz,51,5.000000000000004,-13.92,3.72E+00
51,1.7000000000000002 GHz,52,5.200000000000005,-13.72,3.91E+00
52,1.7000000000000002 GHz,53,5.400000000000005,-13.52,4.12E+00
53,1.7000000000000002 GHz,54,5.600000000000005,-13.31,4.33E+00
54,1.7000000000000002 GHz,55,5.800000000000005,-13.11,4.54E+00
55,1.7000000000000002 GHz,56,6.000000000000005,-12.91,4.74E+00
56,1.7000000000000002 GHz,57,6.2000000000000055,-12.71,4.94E+00
57,1.7000000000000002 GHz,58,6.400000000000006,-12.52,5.13E+00
58,1.7000000000000002 GHz,59,6.600000000000006,-12.31,5.33E+00
59,1.7000000000000002 GHz,60,6.800000000000006,-12.11,5.53E+00
60,1.7000000000000002 GHz,61,7.000000000000006,-11.91,5.74E+00
61,1.7000000000000002 GHz,62,7.200000000000006,-11.7,5.95E+00
62,1.7000000000000002 GHz,63,7.400000000000007,-11.49,6.15E+00
63,1.7000000000000002 GHz,64,7.600000000000007,-11.29,6.35E+00
64,1.7000000000000002 GHz,65,7.800000000000007,-11.1,6.55E+00
65,1.7000000000000002 GHz,66,8.000000000000007,-10.9,6.75E+00
66,1.7000000000000002 GHz,67,8.200000000000006,-10.7,6.95E+00
67,1.7000000000000002 GHz,68,8.400000000000006,-10.5,7.15E+00
68,1.7000000000000002 GHz,69,8.600000000000005,-10.3,7.35E+00
69,1.7000000000000002 GHz,70,8.800000000000004,-10.1,7.55E+00
70,1.7000000000000002 GHz,71,9.000000000000004,-9.9,7.75E+00
71,1.7000000000000002 GHz,72,9.200000000000003,-9.72,7.93E+00
72,1.7000000000000002 GHz,73,9.400000000000002,-9.52,8.13E+00
73,1.7000000000000002 GHz,74,9.600000000000001,-9.32,8.33E+00
74,1.7000000000000002 GHz,75,9.8,-9.12,8.53E+00
75,1.7000000000000002 GHz,76,10,-8.98,8.68E+00
76,1.7000000000000002 GHz,77,10.2,-8.77,8.88E+00
77,1.7000000000000002 GHz,78,10.399999999999999,-8.57,9.08E+00
78,1.7000000000000002 GHz,79,10.599999999999998,-8.36,9.29E+00
79,1.7000000000000002 GHz,80,10.799999999999997,-8.16,9.49E+00
80,1.7000000000000002 GHz,81,10.999999999999996,-7.96,9.69E+00
81,1.7000000000000002 GHz,82,11.199999999999996,-7.76,9.89E+00
82,1.7000000000000002 GHz,83,11.399999999999995,-7.57,1.01E+01
83,1.7000000000000002 GHz,84,11.599999999999994,-7.36,1.03E+01
84,1.7000000000000002 GHz,85,11.799999999999994,-7.16,1.05E+01
85,1.7000000000000002 GHz,86,11.999999999999993,-6.97,1.07E+01
86,1.7000000000000002 GHz,87,12.199999999999992,-6.78,1.09E+01
87,1.7000000000000002 GHz,88,12.399999999999991,-6.57,1.11E+01
88,1.7000000000000002 GHz,89,12.59999999999999,-6.37,1.13E+01
89,1.7000000000000002 GHz,90,12.79999999999999,-6.15,1.15E+01
90,1.7000000000000002 GHz,91,12.99999999999999,-5.95,1.17E+01
91,1.7000000000000002 GHz,92,13.199999999999989,-5.75,1.19E+01
92,1.7000000000000002 GHz,93,13.399999999999988,-5.55,1.21E+01
93,1.7000000000000002 GHz,94,13.599999999999987,-5.36,1.23E+01
94,1.7000000000000002 GHz,95,13.799999999999986,-5.16,1.25E+01
95,1.7000000000000002 GHz,96,13.999999999999986,-4.96,1.27E+01
96,1.7000000000000002 GHz,97,14.199999999999985,-4.76,1.29E+01
97,1.7000000000000002 GHz,98,14.399999999999984,-4.56,1.31E+01
98,1.7000000000000002 GHz,99,14.599999999999984,-4.36,1.33E+01
99,1.7000000000000002 GHz,100,14.799999999999983,-4.16,1.35E+01
100,1.7000000000000002 GHz,101,14.999999999999982,-3.98,1.37E+01
0,1.8 GHz,1,-5,-23.48,-6.33E+00
1,1.8 GHz,2,-4.8,-23.29,-6.13E+00
2,1.8 GHz,3,-4.6,-23.09,-5.93E+00
3,1.8 GHz,4,-4.4,-22.89,-5.73E+00
4,1.8 GHz,5,-4.2,-22.69,-5.54E+00
5,1.8 GHz,6,-4,-22.49,-5.34E+00
6,1.8 GHz,7,-3.8,-22.29,-5.14E+00
7,1.8 GHz,8,-3.6,-22.09,-4.94E+00
8,1.8 GHz,9,-3.4,-21.87,-4.72E+00
9,1.8 GHz,10,-3.2,-21.68,-4.52E+00
10,1.8 GHz,11,-3,-21.47,-4.32E+00
11,1.8 GHz,12,-2.8,-21.28,-4.12E+00
12,1.8 GHz,13,-2.6,-21.08,-3.92E+00
13,1.8 GHz,14,-2.4,-20.89,-3.72E+00
14,1.8 GHz,15,-2.2,-20.69,-3.52E+00
15,1.8 GHz,16,-2,-20.49,-3.32E+00
16,1.8 GHz,17,-1.8,-20.29,-3.12E+00
17,1.8 GHz,18,-1.6,-20.09,-2.93E+00
18,1.8 GHz,19,-1.4,-19.89,-2.72E+00
19,1.8 GHz,20,-1.2,-19.7,-2.54E+00
20,1.8 GHz,21,-1,-19.5,-2.34E+00
21,1.8 GHz,22,-0.8,-19.29,-2.12E+00
22,1.8 GHz,23,-0.6,-19.09,-1.92E+00
23,1.8 GHz,24,-0.4,-18.89,-1.73E+00
24,1.8 GHz,25,-0.2,-18.69,-1.53E+00
25,1.8 GHz,26,2.1649348980190553e-15,-18.5,-1.33E+00
26,1.8 GHz,27,0.20000000000000218,-18.29,-1.12E+00
27,1.8 GHz,28,0.4000000000000022,-18.09,-9.22E-01
28,1.8 GHz,29,0.6000000000000022,-17.88,-7.21E-01
29,1.8 GHz,30,0.8000000000000023,-17.69,-5.22E-01
30,1.8 GHz,31,1.0000000000000022,-17.48,-3.21E-01
31,1.8 GHz,32,1.2000000000000022,-17.29,-1.22E-01
32,1.8 GHz,33,1.4000000000000021,-17.09,7.92E-02
33,1.8 GHz,34,1.600000000000002,-16.88,2.80E-01
34,1.8 GHz,35,1.800000000000002,-16.69,4.77E-01
35,1.8 GHz,36,2.000000000000002,-16.49,6.77E-01
36,1.8 GHz,37,2.2000000000000024,-16.29,8.78E-01
37,1.8 GHz,38,2.4000000000000026,-16.09,1.08E+00
38,1.8 GHz,39,2.6000000000000028,-15.88,1.30E+00
39,1.8 GHz,40,2.800000000000003,-15.68,1.50E+00
40,1.8 GHz,41,3.000000000000003,-15.48,1.70E+00
41,1.8 GHz,42,3.2000000000000033,-15.28,1.90E+00
42,1.8 GHz,43,3.4000000000000035,-15.08,2.10E+00
43,1.8 GHz,44,3.6000000000000036,-14.88,2.30E+00
44,1.8 GHz,45,3.800000000000004,-14.68,2.49E+00
45,1.8 GHz,46,4.0000000000000036,-14.48,2.69E+00
46,1.8 GHz,47,4.200000000000004,-14.29,2.89E+00
47,1.8 GHz,48,4.400000000000004,-14.09,3.09E+00
48,1.8 GHz,49,4.600000000000004,-13.9,3.28E+00
49,1.8 GHz,50,4.800000000000004,-13.7,3.48E+00
50,1.8 GHz,51,5.000000000000004,-13.5,3.68E+00
51,1.8 GHz,52,5.200000000000005,-13.33,3.85E+00
52,1.8 GHz,53,5.400000000000005,-13.14,4.06E+00
53,1.8 GHz,54,5.600000000000005,-12.93,4.25E+00
54,1.8 GHz,55,5.800000000000005,-12.73,4.45E+00
55,1.8 GHz,56,6.000000000000005,-12.53,4.66E+00
56,1.8 GHz,57,6.2000000000000055,-12.37,4.86E+00
57,1.8 GHz,58,6.400000000000006,-12.14,5.05E+00
58,1.8 GHz,59,6.600000000000006,-11.94,5.25E+00
59,1.8 GHz,60,6.800000000000006,-11.74,5.45E+00
60,1.8 GHz,61,7.000000000000006,-11.53,5.66E+00
61,1.8 GHz,62,7.200000000000006,-11.32,5.87E+00
62,1.8 GHz,63,7.400000000000007,-11.12,6.07E+00
63,1.8 GHz,64,7.600000000000007,-10.92,6.27E+00
64,1.8 GHz,65,7.800000000000007,-10.72,6.47E+00
65,1.8 GHz,66,8.000000000000007,-10.52,6.67E+00
66,1.8 GHz,67,8.200000000000006,-10.32,6.87E+00
67,1.8 GHz,68,8.400000000000006,-10.13,7.07E+00
68,1.8 GHz,69,8.600000000000005,-9.93,7.27E+00
69,1.8 GHz,70,8.800000000000004,-9.73,7.46E+00
70,1.8 GHz,71,9.000000000000004,-9.53,7.67E+00
71,1.8 GHz,72,9.200000000000003,-9.34,7.85E+00
72,1.8 GHz,73,9.400000000000002,-9.14,8.05E+00
73,1.8 GHz,74,9.600000000000001,-8.94,8.25E+00
74,1.8 GHz,75,9.8,-8.75,8.44E+00
75,1.8 GHz,76,10,-8.55,8.64E+00
76,1.8 GHz,77,10.2,-8.34,8.85E+00
77,1.8 GHz,78,10.399999999999999,-8.15,9.05E+00
78,1.8 GHz,79,10.599999999999998,-7.94,9.25E+00
79,1.8 GHz,80,10.799999999999997,-7.74,9.45E+00
80,1.8 GHz,81,10.999999999999996,-7.54,9.65E+00
81,1.8 GHz,82,11.199999999999996,-7.34,9.85E+00
82,1.8 GHz,83,11.399999999999995,-7.14,1.01E+01
83,1.8 GHz,84,11.599999999999994,-6.95,1.02E+01
84,1.8 GHz,85,11.799999999999994,-6.74,1.04E+01
85,1.8 GHz,86,11.999999999999993,-6.55,1.06E+01
86,1.8 GHz,87,12.199999999999992,-6.36,1.08E+01
87,1.8 GHz,88,12.399999999999991,-6.14,1.11E+01
88,1.8 GHz,89,12.59999999999999,-5.93,1.13E+01
89,1.8 GHz,90,12.79999999999999,-5.73,1.15E+01
90,1.8 GHz,91,12.99999999999999,-5.53,1.17E+01
91,1.8 GHz,92,13.199999999999989,-5.34,1.19E+01
92,1.8 GHz,93,13.399999999999988,-5.13,1.21E+01
93,1.8 GHz,94,13.599999999999987,-4.94,1.23E+01
94,1.8 GHz,95,13.799999999999986,-4.74,1.25E+01
95,1.8 GHz,96,13.999999999999986,-4.54,1.27E+01
96,1.8 GHz,97,14.199999999999985,-4.35,1.28E+01
97,1.8 GHz,98,14.399999999999984,-4.15,1.30E+01
98,1.8 GHz,99,14.599999999999984,-3.97,1.32E+01
99,1.8 GHz,100,14.799999999999983,-3.76,1.34E+01
100,1.8 GHz,101,14.999999999999982,-3.55,1.36E+01
0,1.9 GHz,1,-5,-23.5,-6.34E+00
1,1.9 GHz,2,-4.8,-23.3,-6.14E+00
2,1.9 GHz,3,-4.6,-23.1,-5.95E+00
3,1.9 GHz,4,-4.4,-22.91,-5.75E+00
4,1.9 GHz,5,-4.2,-22.7,-5.55E+00
5,1.9 GHz,6,-4,-22.51,-5.35E+00
6,1.9 GHz,7,-3.8,-22.31,-5.15E+00
7,1.9 GHz,8,-3.6,-22.11,-4.95E+00
8,1.9 GHz,9,-3.4,-21.89,-4.73E+00
9,1.9 GHz,10,-3.2,-21.69,-4.53E+00
10,1.9 GHz,11,-3,-21.5,-4.33E+00
11,1.9 GHz,12,-2.8,-21.29,-4.13E+00
12,1.9 GHz,13,-2.6,-21.09,-3.93E+00
13,1.9 GHz,14,-2.4,-20.9,-3.73E+00
14,1.9 GHz,15,-2.2,-20.7,-3.53E+00
15,1.9 GHz,16,-2,-20.5,-3.33E+00
16,1.9 GHz,17,-1.8,-20.31,-3.14E+00
17,1.9 GHz,18,-1.6,-20.1,-2.94E+00
18,1.9 GHz,19,-1.4,-19.91,-2.74E+00
19,1.9 GHz,20,-1.2,-19.72,-2.55E+00
20,1.9 GHz,21,-1,-19.51,-2.35E+00
21,1.9 GHz,22,-0.8,-19.32,-2.15E+00
22,1.9 GHz,23,-0.6,-19.12,-1.95E+00
23,1.9 GHz,24,-0.4,-18.92,-1.75E+00
24,1.9 GHz,25,-0.2,-18.72,-1.55E+00
25,1.9 GHz,26,2.1649348980190553e-15,-18.52,-1.35E+00
26,1.9 GHz,27,0.20000000000000218,-18.31,-1.15E+00
27,1.9 GHz,28,0.4000000000000022,-18.1,-9.42E-01
28,1.9 GHz,29,0.6000000000000022,-17.91,-7.43E-01
29,1.9 GHz,30,0.8000000000000023,-17.72,-5.44E-01
30,1.9 GHz,31,1.0000000000000022,-17.51,-3.43E-01
31,1.9 GHz,32,1.2000000000000022,-17.31,-1.44E-01
32,1.9 GHz,33,1.4000000000000021,-17.11,5.71E-02
33,1.9 GHz,34,1.600000000000002,-16.91,2.58E-01
34,1.9 GHz,35,1.800000000000002,-16.71,4.56E-01
35,1.9 GHz,36,2.000000000000002,-16.52,6.56E-01
36,1.9 GHz,37,2.2000000000000024,-16.32,8.57E-01
37,1.9 GHz,38,2.4000000000000026,-16.1,1.07E+00
38,1.9 GHz,39,2.6000000000000028,-15.9,1.28E+00
39,1.9 GHz,40,2.800000000000003,-15.7,1.48E+00
40,1.9 GHz,41,3.000000000000003,-15.5,1.68E+00
41,1.9 GHz,42,3.2000000000000033,-15.3,1.87E+00
42,1.9 GHz,43,3.4000000000000035,-15.1,2.07E+00
43,1.9 GHz,44,3.6000000000000036,-14.91,2.27E+00
44,1.9 GHz,45,3.800000000000004,-14.7,2.47E+00
45,1.9 GHz,46,4.0000000000000036,-14.5,2.67E+00
46,1.9 GHz,47,4.200000000000004,-14.31,2.87E+00
47,1.9 GHz,48,4.400000000000004,-14.1,3.07E+00
48,1.9 GHz,49,4.600000000000004,-13.92,3.26E+00
49,1.9 GHz,50,4.800000000000004,-13.72,3.46E+00
50,1.9 GHz,51,5.000000000000004,-13.53,3.64E+00
51,1.9 GHz,52,5.200000000000005,-13.33,3.84E+00
52,1.9 GHz,53,5.400000000000005,-13.14,4.04E+00
53,1.9 GHz,54,5.600000000000005,-12.94,4.24E+00
54,1.9 GHz,55,5.800000000000005,-12.74,4.44E+00
55,1.9 GHz,56,6.000000000000005,-12.53,4.64E+00
56,1.9 GHz,57,6.2000000000000055,-12.34,4.84E+00
57,1.9 GHz,58,6.400000000000006,-12.14,5.04E+00
58,1.9 GHz,59,6.600000000000006,-11.94,5.24E+00
59,1.9 GHz,60,6.800000000000006,-11.74,5.44E+00
60,1.9 GHz,61,7.000000000000006,-11.52,5.66E+00
61,1.9 GHz,62,7.200000000000006,-11.32,5.86E+00
62,1.9 GHz,63,7.400000000000007,-11.12,6.06E+00
63,1.9 GHz,64,7.600000000000007,-10.92,6.26E+00
64,1.9 GHz,65,7.800000000000007,-10.73,6.46E+00
65,1.9 GHz,66,8.000000000000007,-10.52,6.66E+00
66,1.9 GHz,67,8.200000000000006,-10.33,6.86E+00
67,1.9 GHz,68,8.400000000000006,-10.13,7.05E+00
68,1.9 GHz,69,8.600000000000005,-9.93,7.25E+00
69,1.9 GHz,70,8.800000000000004,-9.73,7.45E+00
70,1.9 GHz,71,9.000000000000004,-9.53,7.65E+00
71,1.9 GHz,72,9.200000000000003,-9.34,7.84E+00
72,1.9 GHz,73,9.400000000000002,-9.14,8.04E+00
73,1.9 GHz,74,9.600000000000001,-8.98,8.21E+00
74,1.9 GHz,75,9.8,-8.78,8.41E+00
75,1.9 GHz,76,10,-8.57,8.61E+00
76,1.9 GHz,77,10.2,-8.37,8.81E+00
77,1.9 GHz,78,10.399999999999999,-8.17,9.01E+00
78,1.9 GHz,79,10.599999999999998,-7.97,9.21E+00
79,1.9 GHz,80,10.799999999999997,-7.77,9.41E+00
80,1.9 GHz,81,10.999999999999996,-7.57,9.61E+00
81,1.9 GHz,82,11.199999999999996,-7.36,9.81E+00
82,1.9 GHz,83,11.399999999999995,-7.17,1.00E+01
83,1.9 GHz,84,11.599999999999994,-6.97,1.02E+01
84,1.9 GHz,85,11.799999999999994,-6.77,1.04E+01
85,1.9 GHz,86,11.999999999999993,-6.54,1.06E+01
86,1.9 GHz,87,12.199999999999992,-6.35,1.08E+01
87,1.9 GHz,88,12.399999999999991,-6.15,1.10E+01
88,1.9 GHz,89,12.59999999999999,-5.95,1.12E+01
89,1.9 GHz,90,12.79999999999999,-5.75,1.14E+01
90,1.9 GHz,91,12.99999999999999,-5.55,1.16E+01
91,1.9 GHz,92,13.199999999999989,-5.36,1.18E+01
92,1.9 GHz,93,13.399999999999988,-5.16,1.20E+01
93,1.9 GHz,94,13.599999999999987,-4.96,1.22E+01
94,1.9 GHz,95,13.799999999999986,-4.76,1.24E+01
95,1.9 GHz,96,13.999999999999986,-4.57,1.26E+01
96,1.9 GHz,97,14.199999999999985,-4.38,1.28E+01
97,1.9 GHz,98,14.399999999999984,-4.17,1.30E+01
98,1.9 GHz,99,14.599999999999984,-3.97,1.32E+01
99,1.9 GHz,100,14.799999999999983,-3.77,1.34E+01
100,1.9 GHz,101,14.999999999999982,-3.58,1.36E+01
0,2.0 GHz,1,-5,-24.06,-6.42E+00
1,2.0 GHz,2,-4.8,-23.84,-6.23E+00
2,2.0 GHz,3,-4.6,-23.64,-6.03E+00
3,2.0 GHz,4,-4.4,-23.44,-5.83E+00
4,2.0 GHz,5,-4.2,-23.24,-5.64E+00
5,2.0 GHz,6,-4,-23.05,-5.44E+00
6,2.0 GHz,7,-3.8,-22.85,-5.24E+00
7,2.0 GHz,8,-3.6,-22.64,-5.04E+00
8,2.0 GHz,9,-3.4,-22.43,-4.82E+00
9,2.0 GHz,10,-3.2,-22.22,-4.62E+00
10,2.0 GHz,11,-3,-22.02,-4.42E+00
11,2.0 GHz,12,-2.8,-21.83,-4.22E+00
12,2.0 GHz,13,-2.6,-21.63,-4.02E+00
13,2.0 GHz,14,-2.4,-21.43,-3.82E+00
14,2.0 GHz,15,-2.2,-21.24,-3.62E+00
15,2.0 GHz,16,-2,-21.04,-3.42E+00
16,2.0 GHz,17,-1.8,-20.84,-3.22E+00
17,2.0 GHz,18,-1.6,-20.64,-3.03E+00
18,2.0 GHz,19,-1.4,-20.45,-2.83E+00
19,2.0 GHz,20,-1.2,-20.24,-2.62E+00
20,2.0 GHz,21,-1,-20.04,-2.42E+00
21,2.0 GHz,22,-0.8,-19.84,-2.22E+00
22,2.0 GHz,23,-0.6,-19.64,-2.03E+00
23,2.0 GHz,24,-0.4,-19.45,-1.83E+00
24,2.0 GHz,25,-0.2,-19.24,-1.63E+00
25,2.0 GHz,26,2.1649348980190553e-15,-19.05,-1.43E+00
26,2.0 GHz,27,0.20000000000000218,-18.84,-1.22E+00
27,2.0 GHz,28,0.4000000000000022,-18.64,-1.02E+00
28,2.0 GHz,29,0.6000000000000022,-18.44,-8.23E-01
29,2.0 GHz,30,0.8000000000000023,-18.24,-6.25E-01
30,2.0 GHz,31,1.0000000000000022,-18.04,-4.23E-01
31,2.0 GHz,32,1.2000000000000022,-17.84,-2.24E-01
32,2.0 GHz,33,1.4000000000000021,-17.63,-2.28E-02
33,2.0 GHz,34,1.600000000000002,-17.44,1.78E-01
34,2.0 GHz,35,1.800000000000002,-17.24,3.75E-01
35,2.0 GHz,36,2.000000000000002,-17.04,5.76E-01
36,2.0 GHz,37,2.2000000000000024,-17.93,7.77E-01
37,2.0 GHz,38,2.4000000000000026,-16.64,9.79E-01
38,2.0 GHz,39,2.6000000000000028,-16.42,1.20E+00
39,2.0 GHz,40,2.800000000000003,-16.21,1.40E+00
40,2.0 GHz,41,3.000000000000003,-16.01,1.60E+00
41,2.0 GHz,42,3.2000000000000033,-15.82,1.79E+00
42,2.0 GHz,43,3.4000000000000035,-15.61,1.99E+00
43,2.0 GHz,44,3.6000000000000036,-15.42,2.19E+00
44,2.0 GHz,45,3.800000000000004,-15.22,2.39E+00
45,2.0 GHz,46,4.0000000000000036,-15.02,2.59E+00
46,2.0 GHz,47,4.200000000000004,-14.82,2.79E+00
47,2.0 GHz,48,4.400000000000004,-14.63,2.98E+00
48,2.0 GHz,49,4.600000000000004,-14.42,3.18E+00
49,2.0 GHz,50,4.800000000000004,-14.23,3.38E+00
50,2.0 GHz,51,5.000000000000004,-14.03,3.58E+00
51,2.0 GHz,52,5.200000000000005,-13.83,3.78E+00
52,2.0 GHz,53,5.400000000000005,-13.63,3.98E+00
53,2.0 GHz,54,5.600000000000005,-13.43,4.18E+00
54,2.0 GHz,55,5.800000000000005,-13.23,4.38E+00
55,2.0 GHz,56,6.000000000000005,-13.03,4.58E+00
56,2.0 GHz,57,6.2000000000000055,-12.83,4.78E+00
57,2.0 GHz,58,6.400000000000006,-12.64,4.98E+00
58,2.0 GHz,59,6.600000000000006,-12.43,5.18E+00
59,2.0 GHz,60,6.800000000000006,-12.23,5.38E+00
60,2.0 GHz,61,7.000000000000006,-12.01,5.60E+00
61,2.0 GHz,62,7.200000000000006,-11.81,5.80E+00
62,2.0 GHz,63,7.400000000000007,-11.6,6.00E+00
63,2.0 GHz,64,7.600000000000007,-11.42,6.20E+00
64,2.0 GHz,65,7.800000000000007,-11.22,6.40E+00
65,2.0 GHz,66,8.000000000000007,-11.02,6.60E+00
66,2.0 GHz,67,8.200000000000006,-10.82,6.80E+00
67,2.0 GHz,68,8.400000000000006,-10.62,6.99E+00
68,2.0 GHz,69,8.600000000000005,-10.42,7.19E+00
69,2.0 GHz,70,8.800000000000004,-10.28,7.34E+00
70,2.0 GHz,71,9.000000000000004,-10.07,7.55E+00
71,2.0 GHz,72,9.200000000000003,-9.87,7.75E+00
72,2.0 GHz,73,9.400000000000002,-9.67,7.95E+00
73,2.0 GHz,74,9.600000000000001,-9.89,8.15E+00
74,2.0 GHz,75,9.8,-9.28,8.35E+00
75,2.0 GHz,76,10,-9.07,8.55E+00
76,2.0 GHz,77,10.2,-8.87,8.75E+00
77,2.0 GHz,78,10.399999999999999,-8.67,8.95E+00
78,2.0 GHz,79,10.599999999999998,-8.48,9.14E+00
79,2.0 GHz,80,10.799999999999997,-8.28,9.35E+00
80,2.0 GHz,81,10.999999999999996,-8.07,9.55E+00
81,2.0 GHz,82,11.199999999999996,-10,9.75E+00
82,2.0 GHz,83,11.399999999999995,-7.65,9.97E+00
83,2.0 GHz,84,11.599999999999994,-7.45,1.02E+01
84,2.0 GHz,85,11.799999999999994,-7.25,1.04E+01
85,2.0 GHz,86,11.999999999999993,-7.06,1.06E+01
86,2.0 GHz,87,12.199999999999992,-6.86,1.08E+01
87,2.0 GHz,88,12.399999999999991,-6.65,1.10E+01
88,2.0 GHz,89,12.59999999999999,-6.46,1.12E+01
89,2.0 GHz,90,12.79999999999999,-6.26,1.14E+01
90,2.0 GHz,91,12.99999999999999,-6.06,1.16E+01
91,2.0 GHz,92,13.199999999999989,-5.86,1.18E+01
92,2.0 GHz,93,13.399999999999988,-5.66,1.20E+01
93,2.0 GHz,94,13.599999999999987,-5.46,1.22E+01
94,2.0 GHz,95,13.799999999999986,-5.27,1.24E+01
95,2.0 GHz,96,13.999999999999986,-5.07,1.26E+01
96,2.0 GHz,97,14.199999999999985,-4.88,1.28E+01
97,2.0 GHz,98,14.399999999999984,-4.68,1.29E+01
98,2.0 GHz,99,14.599999999999984,-4.48,1.31E+01
99,2.0 GHz,100,14.799999999999983,-4.28,1.33E+01
100,2.0 GHz,101,14.999999999999982,-4.08,1.35E+01
0,2.1 GHz,1,-5,-24.67,-6.47E+00
1,2.1 GHz,2,-4.8,-24.46,-6.28E+00
2,2.1 GHz,3,-4.6,-24.27,-6.08E+00
3,2.1 GHz,4,-4.4,-24.08,-5.88E+00
4,2.1 GHz,5,-4.2,-23.87,-5.68E+00
5,2.1 GHz,6,-4,-23.68,-5.48E+00
6,2.1 GHz,7,-3.8,-23.48,-5.28E+00
7,2.1 GHz,8,-3.6,-23.28,-5.08E+00
8,2.1 GHz,9,-3.4,-23.07,-4.86E+00
9,2.1 GHz,10,-3.2,-22.86,-4.66E+00
10,2.1 GHz,11,-3,-22.67,-4.46E+00
11,2.1 GHz,12,-2.8,-22.48,-4.28E+00
12,2.1 GHz,13,-2.6,-22.28,-4.08E+00
13,2.1 GHz,14,-2.4,-22.08,-3.88E+00
14,2.1 GHz,15,-2.2,-21.88,-3.68E+00
15,2.1 GHz,16,-2,-21.7,-3.48E+00
16,2.1 GHz,17,-1.8,-21.49,-3.28E+00
17,2.1 GHz,18,-1.6,-21.29,-3.08E+00
18,2.1 GHz,19,-1.4,-21.09,-2.88E+00
19,2.1 GHz,20,-1.2,-20.88,-2.68E+00
20,2.1 GHz,21,-1,-20.68,-2.48E+00
21,2.1 GHz,22,-0.8,-20.48,-2.28E+00
22,2.1 GHz,23,-0.6,-20.3,-2.08E+00
23,2.1 GHz,24,-0.4,-20.09,-1.88E+00
24,2.1 GHz,25,-0.2,-19.9,-1.68E+00
25,2.1 GHz,26,2.1649348980190553e-15,-19.69,-1.48E+00
26,2.1 GHz,27,0.20000000000000218,-19.49,-1.28E+00
27,2.1 GHz,28,0.4000000000000022,-19.29,-1.07E+00
28,2.1 GHz,29,0.6000000000000022,-19.09,-8.75E-01
29,2.1 GHz,30,0.8000000000000023,-18.89,-6.75E-01
30,2.1 GHz,31,1.0000000000000022,-18.69,-4.75E-01
31,2.1 GHz,32,1.2000000000000022,-18.49,-2.74E-01
32,2.1 GHz,33,1.4000000000000021,-18.29,-7.42E-02
33,2.1 GHz,34,1.600000000000002,-18.08,1.26E-01
34,2.1 GHz,35,1.800000000000002,-17.89,3.25E-01
35,2.1 GHz,36,2.000000000000002,-17.69,5.25E-01
36,2.1 GHz,37,2.2000000000000024,-17.49,7.25E-01
37,2.1 GHz,38,2.4000000000000026,-17.27,9.47E-01
38,2.1 GHz,39,2.6000000000000028,-17.07,1.15E+00
39,2.1 GHz,40,2.800000000000003,-16.87,1.35E+00
40,2.1 GHz,41,3.000000000000003,-16.67,1.54E+00
41,2.1 GHz,42,3.2000000000000033,-16.47,1.74E+00
42,2.1 GHz,43,3.4000000000000035,-16.27,1.95E+00
43,2.1 GHz,44,3.6000000000000036,-16.06,2.15E+00
44,2.1 GHz,45,3.800000000000004,-15.86,2.35E+00
45,2.1 GHz,46,4.0000000000000036,-15.67,2.55E+00
46,2.1 GHz,47,4.200000000000004,-15.47,2.75E+00
47,2.1 GHz,48,4.400000000000004,-15.27,2.95E+00
48,2.1 GHz,49,4.600000000000004,-15.07,3.15E+00
49,2.1 GHz,50,4.800000000000004,-14.86,3.35E+00
50,2.1 GHz,51,5.000000000000004,-14.66,3.55E+00
51,2.1 GHz,52,5.200000000000005,-14.46,3.75E+00
52,2.1 GHz,53,5.400000000000005,-14.27,3.95E+00
53,2.1 GHz,54,5.600000000000005,-14.06,4.15E+00
54,2.1 GHz,55,5.800000000000005,-13.86,4.35E+00
55,2.1 GHz,56,6.000000000000005,-13.66,4.55E+00
56,2.1 GHz,57,6.2000000000000055,-13.46,4.75E+00
57,2.1 GHz,58,6.400000000000006,-13.27,4.95E+00
58,2.1 GHz,59,6.600000000000006,-13.06,5.15E+00
59,2.1 GHz,60,6.800000000000006,-12.87,5.35E+00
60,2.1 GHz,61,7.000000000000006,-12.65,5.57E+00
61,2.1 GHz,62,7.200000000000006,-12.45,5.77E+00
62,2.1 GHz,63,7.400000000000007,-12.25,5.97E+00
63,2.1 GHz,64,7.600000000000007,-12.05,6.17E+00
64,2.1 GHz,65,7.800000000000007,-11.9,6.32E+00
65,2.1 GHz,66,8.000000000000007,-11.7,6.52E+00
66,2.1 GHz,67,8.200000000000006,-11.5,6.71E+00
67,2.1 GHz,68,8.400000000000006,-11.31,6.91E+00
68,2.1 GHz,69,8.600000000000005,-11.11,7.12E+00
69,2.1 GHz,70,8.800000000000004,-10.9,7.32E+00
70,2.1 GHz,71,9.000000000000004,-10.7,7.52E+00
71,2.1 GHz,72,9.200000000000003,-10.5,7.72E+00
72,2.1 GHz,73,9.400000000000002,-10.3,7.92E+00
73,2.1 GHz,74,9.600000000000001,-10.1,8.12E+00
74,2.1 GHz,75,9.8,-9.9,8.32E+00
75,2.1 GHz,76,10,-9.7,8.52E+00
76,2.1 GHz,77,10.2,-9.5,8.73E+00
77,2.1 GHz,78,10.399999999999999,-9.3,8.92E+00
78,2.1 GHz,79,10.599999999999998,-9.1,9.12E+00
79,2.1 GHz,80,10.799999999999997,-8.9,9.33E+00
80,2.1 GHz,81,10.999999999999996,-8.68,9.54E+00
81,2.1 GHz,82,11.199999999999996,-8.47,9.74E+00
82,2.1 GHz,83,11.399999999999995,-8.28,9.94E+00
83,2.1 GHz,84,11.599999999999994,-8.08,1.01E+01
84,2.1 GHz,85,11.799999999999994,-7.89,1.03E+01
85,2.1 GHz,86,11.999999999999993,-7.68,1.05E+01
86,2.1 GHz,87,12.199999999999992,-7.49,1.07E+01
87,2.1 GHz,88,12.399999999999991,-7.29,1.09E+01
88,2.1 GHz,89,12.59999999999999,-7.08,1.11E+01
89,2.1 GHz,90,12.79999999999999,-6.89,1.13E+01
90,2.1 GHz,91,12.99999999999999,-6.69,1.15E+01
91,2.1 GHz,92,13.199999999999989,-6.48,1.17E+01
92,2.1 GHz,93,13.399999999999988,-6.3,1.19E+01
93,2.1 GHz,94,13.599999999999987,-6.1,1.21E+01
94,2.1 GHz,95,13.799999999999986,-5.9,1.23E+01
95,2.1 GHz,96,13.999999999999986,-5.7,1.25E+01
96,2.1 GHz,97,14.199999999999985,-5.5,1.27E+01
97,2.1 GHz,98,14.399999999999984,-5.31,1.29E+01
98,2.1 GHz,99,14.599999999999984,-5.11,1.31E+01
99,2.1 GHz,100,14.799999999999983,-4.91,1.33E+01
100,2.1 GHz,101,14.999999999999982,-4.71,1.35E+01
